{
  "home": {
    "X_thresholds": [
      0.0902,
      0.1814,
      0.1847,
      0.2731,
      0.2762,
      0.4115,
      0.4198,
      0.5327,
      0.5479,
      0.7951,
      0.7956,
      0.8682
    ],
    "y_thresholds": [
      0.0,
      0.0,
      0.3333333333333333,
      0.3333333333333333,
      0.625,
      0.625,
      0.6363636363636364,
      0.6363636363636364,
      0.6875,
      0.6875,
      0.8,
      0.8
    ]
  },
  "draw": {
    "X_thresholds": [
      0.1026,
      0.1448,
      0.1477,
      0.2578,
      0.2579,
      0.306,
      0.316
    ],
    "y_thresholds": [
      0.2,
      0.2,
      0.2222222222222222,
      0.2222222222222222,
      0.2857142857142857,
      0.2857142857142857,
      1.0
    ]
  },
  "away": {
    "X_thresholds": [
      0.0291,
      0.3264,
      0.3279,
      0.4166,
      0.427,
      0.5003,
      0.5223,
      0.7452
    ],
    "y_thresholds": [
      0.0,
      0.0,
      0.2,
      0.2,
      0.3333333333333333,
      0.3333333333333333,
      0.75,
      0.75
    ]
  }
}