{
  "generated": true,
  "calib": {
    "beta_sup_per_elo": 0.005486835831071526,
    "mean_total_goals": 2.7301428441452096,
    "n_calib": 10991
  },
  "ratings": {
    "Japan": 1992.3,
    "Morocco": 2023.2,
    "Egypt": 1849.0,
    "Canada": 1869.3,
    "Haiti": 1644.3,
    "Germany": 1998.1,
    "Saudi Arabia": 1705.5,
    "Algeria": 1878.3,
    "Portugal": 2042.9,
    "Belgium": 1928.9,
    "Ivory Coast": 1861.2,
    "South Africa": 1706.9,
    "Curaçao": 1590.2,
    "Australia": 1896.0,
    "Ecuador": 1979.8,
    "Panama": 1766.6,
    "Tunisia": 1656.2,
    "Netherlands": 2045.9,
    "Brazil": 2081.1,
    "France": 2142.4,
    "Uzbekistan": 1773.1,
    "Sweden": 1809.6,
    "Czech Republic": 1745.8,
    "Iran": 1881.6,
    "Spain": 2186.3,
    "Uruguay": 1920.7,
    "Mexico": 2022.2,
    "Colombia": 2076.8,
    "Scotland": 1819.0,
    "United States": 1918.2,
    "Qatar": 1543.4,
    "Croatia": 1951.4,
    "South Korea": 1829.8,
    "New Zealand": 1696.1,
    "Jordan": 1717.1,
    "DR Congo": 1765.0,
    "England": 2087.3,
    "Switzerland": 1974.3,
    "Paraguay": 1879.2,
    "Cape Verde": 1697.4,
    "Iraq": 1703.1,
    "Turkey": 1909.6,
    "Norway": 2012.4,
    "Argentina": 2205.5,
    "Austria": 1900.4,
    "Ghana": 1696.4,
    "Senegal": 1859.6,
    "Bosnia and Herzegovina": 1692.5
  }
}