{
  "generated": true,
  "calib": {
    "beta_sup_per_elo": 0.005486835831071526,
    "mean_total_goals": 2.7301428441452096,
    "n_calib": 10991
  },
  "ratings": {
    "New Zealand": 1672.7,
    "Spain": 2197.0,
    "Japan": 1992.3,
    "Germany": 1998.1,
    "Turkey": 1909.6,
    "Paraguay": 1879.2,
    "Ghana": 1685.2,
    "Sweden": 1809.6,
    "Morocco": 2023.2,
    "Belgium": 1952.2,
    "Cape Verde": 1698.1,
    "DR Congo": 1811.1,
    "Saudi Arabia": 1704.8,
    "Canada": 1886.2,
    "United States": 1918.2,
    "Egypt": 1851.8,
    "Czech Republic": 1745.8,
    "Norway": 1978.7,
    "Bosnia and Herzegovina": 1692.5,
    "Haiti": 1644.3,
    "Ecuador": 1979.8,
    "Senegal": 1894.3,
    "Qatar": 1543.4,
    "Curaçao": 1590.2,
    "Iran": 1878.8,
    "South Africa": 1689.9,
    "Switzerland": 1974.3,
    "Portugal": 2045.8,
    "Algeria": 1880.2,
    "Uruguay": 1910.0,
    "Iraq": 1668.5,
    "Tunisia": 1656.2,
    "Colombia": 2073.9,
    "France": 2176.1,
    "Ivory Coast": 1861.2,
    "South Korea": 1829.8,
    "Austria": 1898.5,
    "Mexico": 2022.2,
    "Scotland": 1819.0,
    "Australia": 1896.0,
    "Netherlands": 2045.9,
    "Argentina": 2210.6,
    "Jordan": 1712.0,
    "Brazil": 2081.1,
    "Panama": 1754.3,
    "England": 2099.6,
    "Uzbekistan": 1727.1,
    "Croatia": 1962.6
  }
}