{
  "generated": true,
  "calib": {
    "beta_sup_per_elo": 0.005486835831071526,
    "mean_total_goals": 2.7301428441452096,
    "n_calib": 10991
  },
  "ratings": {
    "Canada": 1894.7,
    "Ecuador": 1941.8,
    "Belgium": 1928.9,
    "Morocco": 2013.0,
    "Paraguay": 1877.4,
    "New Zealand": 1696.1,
    "Japan": 2008.9,
    "Argentina": 2205.5,
    "Haiti": 1654.4,
    "Senegal": 1859.6,
    "South Africa": 1660.3,
    "Spain": 2186.3,
    "Netherlands": 2036.4,
    "Switzerland": 1949.0,
    "Sweden": 1793.0,
    "Ivory Coast": 1842.6,
    "Mexico": 2000.4,
    "Uruguay": 1920.7,
    "Brazil": 2057.5,
    "England": 2112.9,
    "Austria": 1900.4,
    "Uzbekistan": 1773.1,
    "Panama": 1784.4,
    "Ghana": 1670.8,
    "Iran": 1881.6,
    "Croatia": 1933.5,
    "Egypt": 1849.0,
    "Colombia": 2067.4,
    "Bosnia and Herzegovina": 1657.6,
    "Curaçao": 1608.8,
    "Portugal": 2042.9,
    "Australia": 1897.7,
    "Germany": 2036.0,
    "South Korea": 1876.4,
    "Qatar": 1578.3,
    "Tunisia": 1665.7,
    "Scotland": 1842.6,
    "Saudi Arabia": 1705.5,
    "Czech Republic": 1767.6,
    "Iraq": 1703.1,
    "DR Congo": 1774.4,
    "Algeria": 1878.3,
    "France": 2142.4,
    "Jordan": 1717.1,
    "Turkey": 1872.6,
    "Norway": 2012.4,
    "Cape Verde": 1697.4,
    "United States": 1955.2
  }
}